"Акинфеева","Ульяна","Яковна","Женщина","09.11.1964","57","+7 (935) 566-77-51","ulyana94","0d5cbeb11","ulyana94@gmail.com"
"Жарыхина","София","Трофимовна","Женщина","21.06.1960","61","+7 (970) 110-46-18","sofiya22","e582614f2","sofiya22@yandex.ru"
"Ивкин","Аркадий","Михаилович","Мужчина","23.11.1961","60","+7 (914) 272-55-20","arkadiy82","587af6535","arkadiy82@yandex.ru"
"Цветкова","Жанна","Феодосьевна","Женщина","13.08.1990","31","+7 (907) 586-96-39","janna13081990","0da9e6191","janna13081990@rambler.ru"
"Яйцев","Давид","Ефимович","Мужчина","19.12.1960","61","+7 (953) 725-81-77","david60","82a83bf33","david60@ya.ru"
"Таттар","Кира","Емельяновна","Женщина","14.04.1967","54","+7 (946) 488-60-36","kira36","369cd6d3f","kira36@mail.ru"
"Ткач","Никита","Петрович","Мужчина","14.02.1971","50","+7 (988) 494-96-88","nikita1971","c44371a20","nikita1971@outlook.com"
"Ляпин","Степан","Павлович","Мужчина","16.03.1978","43","+7 (930) 604-12-22","stepan.lyapin","14143caae","stepan.lyapin@yandex.ru"
"Мордвинова","Евгения","Антоновна","Женщина","04.09.1966","55","+7 (920) 599-52-57","evgeniya38","ef0eb4f60","evgeniya38@rambler.ru"
"Янкова","Марианна","Валерьевна","Женщина","01.11.1974","47","+7 (931) 526-94-43","marianna8220","a8e5f6b33","marianna8220@outlook.com"
"Иванцова","Александра","Артемова","Женщина","11.04.1985","36","+7 (940) 867-55-68","aleksandra1985","ed6f8ce92","aleksandra1985@hotmail.com"
"Эшман","Савва","Власович","Мужчина","20.12.1976","45","+7 (912) 907-69-56","savva95","76e27f13d","savva95@ya.ru"
"Валуев","Егор","Валерьевич","Мужчина","03.09.1992","29","+7 (924) 210-82-93","egor1992","d44981845","egor1992@hotmail.com"
"Рыжиков","Максим","Севастьянович","Мужчина","20.12.1963","58","+7 (976) 483-64-10","maksim42","a6ce27032","maksim42@mail.ru"
"Сухих","Анфиса","Аркадьевна","Женщина","18.01.1983","38","+7 (948) 656-46-43","anfisa79","8251ee0e3","anfisa79@gmail.com"
"Ягудин","Арсений","Антонрвич","Мужчина","02.01.1975","46","+7 (977) 537-82-73","arseniy5023","2bb9d92b3","arseniy5023@gmail.com"
"Вольпова","Ася","Ростиславовна","Женщина","11.10.1991","30","+7 (944) 402-49-32","asya.volpova","3c165c13e","asya.volpova@yandex.ru"
"Осенныха","Карина","Марковна","Женщина","18.06.1975","46","+7 (943) 437-86-69","karina31","b3bb69abe","karina31@outlook.com"
"Байдавлетова","Анфиса","Якововна","Женщина","25.05.1996","25","+7 (925) 392-74-74","anfisa1996","3ef6795db","anfisa1996@yandex.ru"
"Ханинов","Лев","Савванович","Мужчина","08.08.1979","42","+7 (922) 426-37-93","lev1979","1eaa77942","lev1979@yandex.ru"
"Кушнарёв","Яков","Семенович","Мужчина","28.09.1975","46","+7 (961) 483-81-29","yakov1975","714d31310","yakov1975@gmail.com"
"Махов","Юрий","Емельянович","Мужчина","01.08.1963","58","+7 (983) 304-83-46","yuriy.mahov","a8483368e","yuriy.mahov@hotmail.com"
"Ясенкова","Юлиана","Антоновна","Женщина","15.01.1984","37","+7 (957) 634-78-67","yuliana15011984","5b3eae21d","yuliana15011984@yandex.ru"
"Озерова","Арина","Павловна","Женщина","28.08.1985","36","+7 (996) 794-14-60","arina9826","faddc53e7","arina9826@gmail.com"
"Глен","Вячеслав","Никитович","Мужчина","01.06.1979","42","+7 (942) 511-64-34","vyacheslav.glen","2564679e5","vyacheslav.glen@gmail.com"
"Дрёмин","Кузьма","Сергеевич","Мужчина","13.09.1973","48","+7 (988) 779-27-60","kuzma1973","46d3805b4","kuzma1973@ya.ru"
"Другов","Адам","Германович","Мужчина","27.07.1982","39","+7 (949) 210-90-61","adam2854","8c82a30ee","adam2854@yandex.ru"
"Павловская","Клавдия","Ивановна","Женщина","20.05.1984","37","+7 (952) 966-76-79","klavdiya20051984","d80f123bf","klavdiya20051984@outlook.com"
"Бердяева","Нонна","Павловна","Женщина","25.09.1984","37","+7 (927) 829-25-42","nonna25091984","7a01bb00c","nonna25091984@rambler.ru"
"Челпанов","Тимофей","Сергеевич","Мужчина","01.07.1993","28","+7 (905) 870-57-93","timofey1993","0ac2ea914","timofey1993@yandex.ru"
"Бабыкин","Антон","Власович","Мужчина","11.09.1974","47","+7 (915) 481-15-79","anton3692","51f862e66","anton3692@yandex.ru"
"Ярмухаметов","Егор","Адамович","Мужчина","24.12.1986","35","+7 (975) 544-38-75","egor9556","3bc75b6ab","egor9556@rambler.ru"
"Гуляева","Наталия","Михаиловна","Женщина","12.01.1980","41","+7 (911) 521-75-67","nataliya1980","b093dad14","nataliya1980@ya.ru"
"Щитта","Нина","Алексеевна","Женщина","02.10.1979","42","+7 (928) 151-92-72","nina.itta","149fea1df","nina.itta@mail.ru"
"Буданов","Лаврентий","Георгиевич","Мужчина","15.04.1988","33","+7 (977) 486-63-63","lavrentiy15041988","ffb56bcba","lavrentiy15041988@yandex.ru"
"Кирьяков","Герасим","Сергеевич","Мужчина","11.02.1995","26","+7 (991) 480-80-70","gerasim1995","36532dcc4","gerasim1995@mail.ru"
"Кутырёва","Нина","Елизаровна","Женщина","06.06.1990","31","+7 (964) 536-67-93","nina6604","139af9e1b","nina6604@rambler.ru"
"Молодых","Пелагея","Трофимовна","Женщина","13.05.1975","46","+7 (944) 404-38-77","pelageya.molodyh","9e3bbcf13","pelageya.molodyh@rambler.ru"
"Квартовский","Георгий","Герасимович","Мужчина","19.11.1995","26","+7 (945) 103-31-46","georgiy.kvartovskiy","74e04301b","georgiy.kvartovskiy@outlook.com"
"Калугер","Марьяна","Константиновна","Женщина","07.01.1971","50","+7 (950) 366-26-75","maryana20","7602e373c","maryana20@outlook.com"
"Апакидзе","Ева","Семеновна","Женщина","23.10.1979","42","+7 (974) 304-45-60","eva1979","d24332865","eva1979@mail.ru"
"Козловский","Роман","Константинович","Мужчина","07.05.1974","47","+7 (975) 433-33-65","roman1811","fcec97523","roman1811@yandex.ru"
"Эллинская","Инна","Петровна","Женщина","16.10.1989","32","+7 (982) 758-23-74","inna2420","c083fdd75","inna2420@yandex.ru"
"Рабинович","Герасим","Наумович","Мужчина","26.08.1979","42","+7 (993) 794-32-46","gerasim26","53a9e1022","gerasim26@ya.ru"
"Бушмелев","Егор","Федорович","Мужчина","27.10.1969","52","+7 (927) 435-84-53","egor27101969","9a0766b30","egor27101969@hotmail.com"
"Плотникова","Лана","Константиновна","Женщина","12.01.1967","54","+7 (940) 367-68-72","lana.plotnikova","2ac01335e","lana.plotnikova@ya.ru"
"Масмехова","Ольга","Игнатьевна","Женщина","06.03.1979","42","+7 (990) 515-89-64","olga.masmehova","20a6f46b7","olga.masmehova@hotmail.com"
"Ермакова","Марьяна","Саввановна","Женщина","20.06.1972","49","+7 (928) 922-83-98","maryana1972","28b443328","maryana1972@outlook.com"
"Кобыльских","Виталий","Давидович","Мужчина","28.12.1979","41","+7 (910) 424-36-29","vitaliy1979","11d2e485d","vitaliy1979@mail.ru"
"Парфёнов","Марк","Константинович","Мужчина","10.04.1980","41","+7 (927) 573-14-39","mark1980","d5d0a73bb","mark1980@outlook.com"
"Грицевец","Евгений","Семенович","Мужчина","27.06.1986","35","+7 (914) 830-88-10","evgeniy.gricevec","916e56d30","evgeniy.gricevec@hotmail.com"
"Рабиновича","Зоя","Прокловна","Женщина","04.05.1989","32","+7 (981) 847-59-43","zoya6216","056294d67","zoya6216@rambler.ru"
"Немцева","Римма","Юлиановна","Женщина","25.09.1968","53","+7 (948) 578-23-57","rimma.nemceva","25b4259ec","rimma.nemceva@ya.ru"
"Головин","Давид","Николаевич","Мужчина","02.02.1976","45","+7 (964) 826-72-43","david1976","dd6712d11","david1976@ya.ru"
"Шашлов","Кирилл","Герасимович","Мужчина","28.11.1964","57","+7 (978) 572-15-43","kirill28111964","93d99b880","kirill28111964@outlook.com"
"Тихонькова","Жанна","Денисовна","Женщина","01.08.1987","34","+7 (928) 527-28-29","janna81","c42541f22","janna81@gmail.com"
"Комягина","Зинаида","Ростиславовна","Женщина","20.06.1963","58","+7 (959) 621-34-47","zinaida.komyagina","00c0d98e7","zinaida.komyagina@outlook.com"
"Тетерева","Оксана","Емельяновна","Женщина","27.04.1976","45","+7 (939) 506-11-32","oksana69","c97d77a71","oksana69@rambler.ru"
"Староверов","Виталий","Романович","Мужчина","28.09.1973","48","+7 (981) 908-57-78","vitaliy28091973","12c7f681b","vitaliy28091973@ya.ru"
"Бобылева","Кира","Климентьевна","Женщина","17.06.1979","42","+7 (961) 681-31-53","kira2252","f13100836","kira2252@mail.ru"
"Ругова","Александра","Вениаминовна","Женщина","17.03.1989","32","+7 (997) 820-66-74","aleksandra2946","c47556c59","aleksandra2946@ya.ru"
"Сычкин","Павел","Евгеньевич","Мужчина","19.06.1965","56","+7 (932) 385-83-68","pavel50","3f005e238","pavel50@rambler.ru"
"Конакова","Лидия","Игнатьевна","Женщина","11.09.1986","35","+7 (983) 472-70-49","lidiya73","e04bf5e25","lidiya73@gmail.com"
"Будаев","Вениамин","Вениаминович","Мужчина","01.10.1993","28","+7 (963) 499-30-59","veniamin.budaev","a41a81d73","veniamin.budaev@yandex.ru"
"Иканова","Марьямна","Никаноровна","Женщина","03.02.1968","53","+7 (931) 205-14-73","maryamna2024","428cb148a","maryamna2024@gmail.com"
"Коденко","Петр","Всеволодович","Мужчина","25.07.1992","29","+7 (936) 183-63-51","petr25071992","2990104eb","petr25071992@mail.ru"
"Коракова","Любовь","Марковна","Женщина","10.10.1995","26","+7 (990) 857-90-17","lyubov96","97c3cf92f","lyubov96@hotmail.com"
"Потрепалова","София","Афанасьевна","Женщина","15.01.1975","46","+7 (912) 317-23-51","sofiya.potrepalova","46ed58d75","sofiya.potrepalova@gmail.com"
"Углов","Антон","Геннадьевич","Мужчина","19.03.1994","27","+7 (928) 245-75-97","anton.uglov","0fc671102","anton.uglov@mail.ru"
"Белозерцев","Михаил","Игнатьевич","Мужчина","06.05.1978","43","+7 (987) 248-37-46","mihail06051978","76c38cff0","mihail06051978@gmail.com"
"Бортник","Нонна","Кузьминовна","Женщина","09.02.1969","52","+7 (926) 950-22-24","nonna.bortnik","1d41ab37a","nonna.bortnik@ya.ru"
"Мирзoяна","Мария","Никандровна","Женщина","26.03.1975","46","+7 (910) 980-19-15","mariya1975","1d9e06d28","mariya1975@gmail.com"
"Друганина","Ника","Лукьяновна","Женщина","04.08.1970","51","+7 (917) 583-93-76","nika99","78e19bcea","nika99@ya.ru"
"Мурзакова","Ева","Артемова","Женщина","22.01.1990","31","+7 (963) 176-34-84","eva1990","1f4fc86cb","eva1990@yandex.ru"
"Мамина","Анфиса","Федоровна","Женщина","14.12.1990","31","+7 (922) 477-17-68","anfisa4899","94c0900a8","anfisa4899@rambler.ru"
"Шкиряк","Светлана","Валерьевна","Женщина","01.02.1962","59","+7 (969) 265-75-55","svetlana9082","33c76af9e","svetlana9082@outlook.com"
"Сиянская","Ульяна","Ивановна","Женщина","03.10.1988","33","+7 (967) 974-40-30","ulyana.siyanskaya","3279666bc","ulyana.siyanskaya@outlook.com"
"Панюшкин","Игнат","Павлович","Мужчина","25.09.1988","33","+7 (952) 242-77-43","ignat25091988","900db7d62","ignat25091988@rambler.ru"
"Тарновецкий","Данила","Романович","Мужчина","09.06.1984","37","+7 (989) 735-63-79","danila65","4ba92b9b5","danila65@rambler.ru"
"Трактирникова","Алина","Афанасьевна","Женщина","28.03.1971","50","+7 (931) 389-39-37","alina1971","14e24e95f","alina1971@hotmail.com"
"Кузаев","Александр","Алексеевич","Мужчина","24.03.1979","42","+7 (991) 176-92-86","aleksandr6282","5260a7dc9","aleksandr6282@rambler.ru"
"Шалупова","Арина","Витальевна","Женщина","15.12.1961","60","+7 (991) 917-70-88","arina.alupova","ab9b6b32e","arina.alupova@rambler.ru"
"Беломестнов","Дмитрий","Трофимович","Мужчина","20.10.1969","52","+7 (924) 265-85-52","dmitriy1969","b6cb815b7","dmitriy1969@yandex.ru"
"Шкиряк","Настасья","Федоровна","Женщина","26.05.1970","51","+7 (927) 532-19-47","nastasya33","38f27aaca","nastasya33@ya.ru"
"Рюриков","Василий","Юрьевич","Мужчина","28.05.1974","47","+7 (986) 366-78-19","vasiliy.ryurikov","dd1593763","vasiliy.ryurikov@gmail.com"
"Караулина","Василиса","Ираклиевна","Женщина","02.10.1993","28","+7 (979) 657-53-42","vasilisa1993","e962b1109","vasilisa1993@mail.ru"
"Набадчикова","Нина","Викторовна","Женщина","01.03.1976","45","+7 (976) 770-10-11","nina01031976","7963dff2d","nina01031976@yandex.ru"
"Бесчастныха","Юлиана","Геннадьевна","Женщина","08.11.1990","31","+7 (987) 858-91-92","yuliana.beschastnyha","489b3fef5","yuliana.beschastnyha@rambler.ru"
"Ямков","Арсений","Степанович","Мужчина","18.01.1977","44","+7 (923) 468-23-99","arseniy1977","9383a91a7","arseniy1977@outlook.com"
"Суслов","Лев","Яковеевичевич","Мужчина","14.01.1988","33","+7 (939) 325-80-25","lev1988","8d9fd6c18","lev1988@mail.ru"
"Зыльков","Адам","Кириллович","Мужчина","16.06.1985","36","+7 (932) 112-22-43","adam5638","92bcb5222","adam5638@gmail.com"
"Перехваткин","Антон","Валерианович","Мужчина","28.05.1981","40","+7 (965) 617-82-12","anton1981","c019cf710","anton1981@ya.ru"
"Катериночкина","Алина","Дмитриевна","Женщина","27.11.1985","36","+7 (963) 496-30-28","alina5519","41c320bc9","alina5519@hotmail.com"
"Фомичев","Лев","Романович","Мужчина","19.04.1991","30","+7 (991) 938-34-77","lev1991","a984ae175","lev1991@outlook.com"
"Кулешова","Людмила","Михаиловна","Женщина","20.08.1988","33","+7 (959) 729-76-63","lyudmila50","3b8730532","lyudmila50@gmail.com"
"Буковская","Дарья","Прокопьевна","Женщина","18.08.1963","58","+7 (918) 942-71-85","darya18081963","42851db3b","darya18081963@hotmail.com"
"Домашева","Нина","Лльвона","Женщина","26.06.1978","43","+7 (933) 919-41-77","nina1978","b3acf9c12","nina1978@yandex.ru"
"Ракова","Алена","Романовна","Женщина","07.10.1972","49","+7 (966) 302-40-82","alena.rakova","660fac2d1","alena.rakova@yandex.ru"
"Кондуров","Виктор","Захарович","Мужчина","26.03.1995","26","+7 (937) 115-69-29","viktor61","547ef0949","viktor61@gmail.com"
"Сагадиева","Виктория","Юрьевна","Женщина","08.06.1992","29","+7 (943) 376-30-40","viktoriya1992","0d6ce30fc","viktoriya1992@ya.ru"
